name,date,status,rocket,mission
SWOT,2022-12-05T00:00:00.000Z,,5e9d0d95eda69973a809d1ec,No mission details provided
Transporter-6,2022-12-01T00:00:00.000Z,,5e9d0d95eda69973a809d1ec,No mission details provided
TTL-1,2022-12-01T00:00:00.000Z,,5e9d0d95eda69973a809d1ec,No mission details provided
WorldView Legion 1 & 2,2022-12-01T00:00:00.000Z,,5e9d0d95eda69973a809d1ec,No mission details provided
Viasat-3 & Arcturus,2022-12-01T00:00:00.000Z,,5e9d0d95eda69974db09d1ed,No mission details provided
O3b mPower 3.4,2022-12-01T00:00:00.000Z,,5e9d0d95eda69973a809d1ec,No mission details provided
ispace Mission 1 & Rashid,2022-11-22T00:00:00.000Z,,5e9d0d95eda69973a809d1ec,No mission details provided
CRS-26,2022-11-18T22:00:00.000Z,,5e9d0d95eda69973a809d1ec,No mission details provided
Eutelsat 10B,2022-11-15T00:00:00.000Z,,5e9d0d95eda69973a809d1ec,No mission details provided
Galaxy 31 (23R) & 32 (17R),2022-11-08T00:00:00.000Z,,5e9d0d95eda69973a809d1ec,No mission details provided
